{"loss": 2.838744878768921, "lr": 1e-06, "_timestamp": 1715951316.011103, "_runtime": 18.04912281036377, "_step": 1}