{"klg_loss": 0.0, "_timestamp": 1715961291.6916518, "_runtime": 88.9859778881073, "_step": 70, "kld_loss": 0.0, "loss": 3.385754108428955, "lr": 1e-06}