{"klg_loss": 0.0, "_timestamp": 1715986204.3167014, "_runtime": 43.04433536529541, "_step": 116, "kld_loss": 0.0, "loss": 2.6291089057922363, "lr": 1e-06}