{"eval_loss": 0.1350170373916626, "_timestamp": 1715593769.4568949, "_runtime": 264.29575181007385, "_step": 0}