{"klg_loss": 0.0, "_timestamp": 1716286963.0663528, "_runtime": 23.433244943618774, "_step": 5, "kld_loss": 0.0, "loss": 1.550631046295166, "lr": 1e-06}