{"klg_loss": 0.043464746326208115, "_timestamp": 1715358449.9504886, "_runtime": 9.764061450958252, "_step": 2, "kld_loss": 0.00536880148111074, "loss": 0.48783043026924133, "lr": 1e-06, "_wandb": {"runtime": 9}}