{"acc1": 66.66667175292969, "_timestamp": 1715169500.4268603, "_runtime": 328.0353584289551, "_step": 17, "loss": 0.9095088839530945}