{"klg_loss": 0.0433906689286232, "_timestamp": 1715341587.4275835, "_runtime": 39.847251415252686, "_step": 40, "kld_loss": 0.00062726871825162, "loss": 1.0870438814163208, "lr": 1e-06}