{"eval_loss": 1.0456753969192505, "_timestamp": 1716286910.0971475, "_runtime": 27.14178442955017, "_step": 13}