{"klg_loss": 0.04339516907930374, "_timestamp": 1715354725.2128623, "_runtime": 109.73654913902283, "_step": 553, "kld_loss": 0.0028188125622188153, "loss": 0.52711021900177, "lr": 1e-06}