{"eval_loss": 0.5403255224227905, "_timestamp": 1715515997.1196935, "_runtime": 29.70826554298401, "_step": 129}