{"eval_loss": 0.6002251505851746, "_timestamp": 1715516073.4776144, "_runtime": 42.70680046081543, "_step": 140}