{"klg_loss": 0.04339364543557167, "_timestamp": 1715354290.783469, "_runtime": 86.0630419254303, "_step": 425, "kld_loss": 0.0028153790222427855, "loss": 0.3962310552597046, "lr": 1e-06}