{"eval_loss": NaN, "_timestamp": 1715517459.8787796, "_runtime": 265.3341736793518, "_step": 1000, "eval/acc1": 20.0}