{"klg_loss": 0.0433884859085083, "_timestamp": 1715340497.4614003, "_runtime": 7.305889368057251, "_step": 1, "kld_loss": 0.00476728484034806}