{"klg_loss": 0.0, "_timestamp": 1715985841.853263, "_runtime": 84.61352801322937, "_step": 2, "kld_loss": 0.0, "loss": 2.557574987411499, "lr": 1e-06, "_wandb": {"runtime": 94}}