{"klg_loss": 0.04339079186320305, "_timestamp": 1715355116.8114529, "_runtime": 233.48991084098816, "_step": 1204, "kld_loss": 0.0037140817123940987, "loss": 0.2977864146232605, "lr": 1e-06}