{"eval_loss": 0.763755202293396, "_timestamp": 1715758880.349225, "_runtime": 220.61944913864136, "_step": 999}