{"klg_loss": 0.043656252324581146, "_timestamp": 1715960982.3601394, "_runtime": 96.53926134109497, "_step": 7, "kld_loss": 0.011520413247053876, "loss": 3.244920492172241, "lr": 1e-06}