{"klg_loss": 0.043656252324581146, "_timestamp": 1715961053.973578, "_runtime": 35.629087924957275, "_step": 25, "kld_loss": 0.009033070047808817, "loss": 3.2235162258148193, "lr": 1e-06}