{"klg_loss": 0.043363507837057114, "_timestamp": 1715292105.38564, "_runtime": 51.46460294723511, "_step": 250, "kld_loss": 0.00411773457566081, "loss": 0.377209335565567, "lr": 1e-06}