{"eval_loss": 0.9204396605491638, "_timestamp": 1715515837.2663314, "_runtime": 384.3996753692627, "_step": 16}