{"eval_loss": 0.8536494970321655, "_timestamp": 1715378078.040702, "_runtime": 45.15896701812744, "_step": 472}