{"klg_loss": 0.0, "_timestamp": 1715759672.992558, "_runtime": 29.51317000389099, "_step": 2, "kld_loss": 0.0, "loss": 0.9673725366592407, "lr": 1e-06, "_wandb": {"runtime": 29}}