{"klg_loss": 0.0, "_timestamp": 1715986234.3154078, "_runtime": 10.262765645980835, "_step": 2, "kld_loss": 0.0, "loss": 2.557574987411499, "lr": 1e-06, "_wandb": {"runtime": 10}}