{"klg_loss": 0.043366190046072006, "_timestamp": 1715290227.21601, "_runtime": 81.08187508583069, "_step": 203, "kld_loss": 0.0042392086277629176, "loss": 0.373827189207077, "lr": 1e-06, "_wandb": {"runtime": 80}}