{"eval_loss": 0.9284391403198242, "_timestamp": 1715377997.4591713, "_runtime": 76.52313327789307, "_step": 38}