{"klg_loss": 0.043387677520513535, "_timestamp": 1715340398.5023246, "_runtime": 42.49562168121338, "_step": 109, "kld_loss": 0.004752999030819535, "loss": 0.7017611265182495, "lr": 1e-06}