{"klg_loss": 0.0, "_timestamp": 1716226716.3530946, "_runtime": 72.3503806591034, "_step": 311, "kld_loss": 0.0, "loss": 1.6528656482696533, "lr": 1e-06}