{"eval_loss": 0.5693739652633667, "_timestamp": 1715515919.4919765, "_runtime": 17.258153438568115, "_step": 57}