{"eval_loss": 0.9876454472541809, "_timestamp": 1716280967.000296, "_runtime": 83.87818002700806, "_step": 40}