{"eval_loss": 0.5971698760986328, "_timestamp": 1716281008.4647958, "_runtime": 21.02853488922119, "_step": 10}