{"klg_loss": 0.0, "_timestamp": 1715759838.0933733, "_runtime": 20.61241126060486, "_step": 2, "kld_loss": 0.0, "loss": 0.9445458054542542, "lr": 1e-06, "_wandb": {"runtime": 20}}