{"klg_loss": 0.0433884859085083, "_timestamp": 1715338391.0596397, "_runtime": 7.032468795776367, "_step": 1, "kld_loss": 0.00476728484034806}