{"klg_loss": 0.0, "_timestamp": 1715961168.3900445, "_runtime": 21.100436449050903, "_step": 10, "kld_loss": 0.0, "loss": 2.366968870162964, "lr": 1e-06}