{"klg_loss": 0.0, "_timestamp": 1715983698.9839702, "_runtime": 82.8580391407013, "_step": 373, "kld_loss": 0.0, "loss": 3.120021343231201, "lr": 1e-06}