{"klg_loss": 0.04345095530152321, "_timestamp": 1715358805.2235754, "_runtime": 64.06050634384155, "_step": 271, "kld_loss": 0.0021375114594316715, "loss": 1.0328396558761597, "lr": 1e-06}