{"loss": 2.911571741104126, "lr": 1e-06, "_timestamp": 1715959916.382901, "_runtime": 216.2643609046936, "_step": 40}