{"loss": 2.805936336517334, "lr": 1e-06, "_timestamp": 1715959277.2196686, "_runtime": 99.86994671821594, "_step": 31}