{"klg_loss": 0.043330736458301544, "_timestamp": 1715374435.6851285, "_runtime": 46.17137336730957, "_step": 134, "kld_loss": 0.0008061912652236789, "loss": 1.6194226741790771, "lr": 1e-06}