{"klg_loss": 0.0433938167989254, "_timestamp": 1715354816.8744543, "_runtime": 63.85972714424133, "_step": 290, "kld_loss": 0.0037753316904551065, "loss": 0.4923146069049835, "lr": 1e-06}