{"loss": 1.084000825881958, "lr": 1e-06, "_timestamp": 1715182986.116946, "_runtime": 373.2873339653015, "_step": 134, "klg_loss": 0.04335581511259079, "kld_loss": 0.0040856574656524605}