{"eval_loss": 0.7602755427360535, "_timestamp": 1715593127.8046575, "_runtime": 24.506027460098267, "_step": 0}