{"loss": 2.8713531494140625, "lr": 1e-06, "_timestamp": 1715959629.4493215, "_runtime": 318.27366042137146, "_step": 117}