{"klg_loss": 0.0, "_timestamp": 1715983608.4393735, "_runtime": 16.781158447265625, "_step": 29, "kld_loss": 0.0, "loss": 2.2957847118377686, "lr": 1e-06}