{"klg_loss": 0.04338846728205681, "_timestamp": 1715338360.891927, "_runtime": 226.67236995697021, "_step": 13, "kld_loss": 0.0047094156925397545, "loss": 0.26358383893966675, "lr": 1e-06}