{"klg_loss": 0.0433884859085083, "_timestamp": 1715338058.4322271, "_runtime": 7.309510231018066, "_step": 1, "kld_loss": 0.00476728484034806}