{"klg_loss": 0.04339275881648064, "_timestamp": 1715354190.661908, "_runtime": 91.05485796928406, "_step": 334, "kld_loss": 0.0019613092477644995, "loss": 0.44073233008384705, "lr": 1e-06}