{"eval_loss": 0.8394982218742371, "_timestamp": 1715378150.0788152, "_runtime": 55.621676206588745, "_step": 104}