{"klg_loss": 0.04336688295006752, "_timestamp": 1715289851.7167535, "_runtime": 149.52075457572937, "_step": 7, "kld_loss": 0.004262799119987283, "loss": 0.3447096347808838, "lr": 1e-06}