{"eval_loss": 0.8079402446746826, "_timestamp": 1715517168.6106954, "_runtime": 102.99800944328308, "_step": 114}