{"klg_loss": 0.0433884859085083, "_timestamp": 1715340300.5885842, "_runtime": 1807.9527821540833, "_step": 1, "kld_loss": 0.00476728484034806}