{"klg_loss": 0.043457865715026855, "_timestamp": 1715516124.7570775, "_runtime": 10.933347463607788, "_step": 2, "kld_loss": 0.006364845122044909, "loss": 0.9963153004646301, "lr": 1e-06, "_wandb": {"runtime": 11}}