{"klg_loss": 0.0, "_timestamp": 1715986110.2591136, "_runtime": 149.51772046089172, "_step": 89, "kld_loss": 0.0, "loss": 2.557770252227783, "lr": 1e-06}