{"klg_loss": 0.0433884859085083, "_timestamp": 1715354034.541937, "_runtime": 14.819719076156616, "_step": 2, "kld_loss": 0.00476728484034806, "loss": 0.43455156683921814, "lr": 1e-06, "_wandb": {"runtime": 14}}