{"klg_loss": 0.043385449796915054, "_timestamp": 1715759525.4556162, "_runtime": 46.84604525566101, "_step": 2, "kld_loss": 0.009630535042635405, "loss": 1.0203884840011597, "lr": 1e-06, "_wandb": {"runtime": 47}}