{"klg_loss": 0.0433884859085083, "_timestamp": 1715337917.9985824, "_runtime": 6.976384401321411, "_step": 1, "kld_loss": 0.00476728484034806}