{"klg_loss": 0.04338660463690758, "_timestamp": 1715354862.343082, "_runtime": 11.084923028945923, "_step": 11, "kld_loss": 0.0043939258155079024, "loss": 0.2597557008266449, "lr": 1e-06, "_wandb": {"runtime": 10}}