{"loss": 2.8056352138519287, "lr": 1e-06, "_timestamp": 1715960345.0212135, "_runtime": 69.49913263320923, "_step": 31}