{"train/loss": 1.023310661315918, "train/lr": 1e-06, "_timestamp": 1715097458.6114547, "_runtime": 191.42761182785034, "_step": 3}