{"klg_loss": 0.04346049576997757, "_timestamp": 1715358606.501947, "_runtime": 9.508605003356934, "_step": 2, "kld_loss": 0.0032531539237040147, "loss": 0.7798771858215332, "lr": 1e-06, "_wandb": {"runtime": 9}}