{"klg_loss": 0.043366219848394394, "_timestamp": 1715290505.147306, "_runtime": 44.760740995407104, "_step": 203, "kld_loss": 0.004240174451994259, "loss": 0.3784869611263275, "lr": 1e-07, "_wandb": {"runtime": 44}}