{"klg_loss": 0.04338160529732704, "_timestamp": 1715759747.9482565, "_runtime": 20.818992376327515, "_step": 2, "kld_loss": 0.004669971312465574, "loss": 0.9925974011421204, "lr": 1e-06, "_wandb": {"runtime": 22}}