{"loss": 3.1293299198150635, "lr": 1e-06, "_timestamp": 1715951231.2563608, "_runtime": 40.01961088180542, "_step": 5}