{"klg_loss": 0.043339457362890244, "_timestamp": 1715292022.2230587, "_runtime": 164.62249779701233, "_step": 262, "kld_loss": 0.0007924590864314204, "loss": 0.6531049013137817, "lr": 1e-06}