{"loss": 1.1320220232009888, "lr": 1e-06, "_timestamp": 1715182420.3706307, "_runtime": 534.0052757263184, "_step": 191, "klg_loss": 0.0, "kld_loss": 0.0}