{"klg_loss": 0.043366190046072006, "_timestamp": 1715290906.2216227, "_runtime": 63.52233362197876, "_step": 203, "kld_loss": 0.004239208620575984, "loss": 0.373827189207077, "lr": 1e-06, "_wandb": {"runtime": 63}}