{"klg_loss": 0.0433884859085083, "_timestamp": 1715337806.0698977, "_runtime": 10.99142074584961, "_step": 1, "kld_loss": 0.00476728484034806}