{"eval_loss": 1.4606996774673462, "_timestamp": 1715516217.7184165, "_runtime": 14.539624452590942, "_step": 32}