{"train/loss": 0.9446910619735718, "train/lr": 1e-06, "_timestamp": 1715097126.2338107, "_runtime": 2330.654840707779, "_step": 0, "_wandb": {"runtime": 2331}}