{"eval_loss": 0.7201836705207825, "_timestamp": 1715378847.2389202, "_runtime": 9.379048109054565, "_step": 17}