{"klg_loss": 0.0433884859085083, "_timestamp": 1715353995.3313315, "_runtime": 27.831015586853027, "_step": 2, "kld_loss": 0.00476728484034806, "loss": 0.43455156683921814, "lr": 1e-06}