{"klg_loss": 0.0, "_timestamp": 1715961109.1587677, "_runtime": 18.77298378944397, "_step": 7, "kld_loss": 0.0, "loss": 3.1898908615112305, "lr": 1e-06}