{"eval_loss": 0.13152049481868744, "_timestamp": 1715377556.5692058, "_runtime": 21.32632565498352, "_step": 25}