{"klg_loss": 0.043382421135902405, "_timestamp": 1715292225.2312717, "_runtime": 84.75591683387756, "_step": 10, "kld_loss": 0.004412732480368444, "loss": 0.2718987762928009, "lr": 1e-06}