{"eval_loss": 0.7922692894935608, "_timestamp": 1715381775.4445622, "_runtime": 115.12200617790222, "_step": 613}