{"klg_loss": 0.043366190046072006, "_timestamp": 1715289671.1926272, "_runtime": 75.22981810569763, "_step": 203, "kld_loss": 0.0042392086250478125, "loss": 0.37382709980010986, "lr": 1e-06}